Section,Act,Title,Description,Category,Notes
Order 1 Rule 10,Code of Civil Procedure (CPC),Procedure where one of Several Plaintiffs or Defendants Fails to Appear,Where there are more plaintiffs or defendants than one and any of them makes default the Court may in the absence of any agreement to the contrary proceed to hear and determine the suit at the instance of or against the other parties.,Procedure,Multiple Parties
Section 9,Code of Civil Procedure (CPC),Courts to Try All Civil Suits Unless Barred,The Courts shall (subject to the provisions herein contained) have jurisdiction to try all suits of a civil nature excepting suits of which their cognizance is either expressly or impliedly barred.,Jurisdiction,Civil Suits
Section 10,Code of Civil Procedure (CPC),Stay of Suit,No Court shall proceed with the trial of any suit in which the matter in issue is also directly and substantially in issue in a previously instituted suit between the same parties or between parties under whom they or any of them claim litigating under the same title where such suit is pending in the same or any other Court in India having jurisdiction to grant the relief claimed or in any Court beyond the limits of India established or continued by the Central Government and having like jurisdiction or before the Supreme Court.,Procedure,Suit Pending
Section 11,Code of Civil Procedure (CPC),Res Judicata,No Court shall try any suit or issue in which the matter directly and substantially in issue has been directly and substantially in issue in a former suit between the same parties or between parties under whom they or any of them claim litigating under the same title in a Court competent to try such subsequent suit or the suit in which such issue has been subsequently raised and has been heard and finally decided by such Court.,Procedure,Finality of Judgment
Section 80,Code of Civil Procedure (CPC),Notice to Government,"No suit shall be instituted against the Government (including the Government of the State of Jammu and Kashmir) or against a public officer in respect of any act purporting to be done by such public officer in his official capacity until the expiration of two months next after notice in writing has been delivered to or left at the office of (a) in the case of a suit against the Central Government except where it relates to a railway a Secretary to the Government of India or the Collector of the district and in the case of a suit relating to a railway the General Manager of that railway; (b) in the case of a suit against the Government of the State of Jammu and Kashmir the Chief Secretary to the Government of the State of Jammu and Kashmir or the Collector of the district; (c) in the case of a suit against any other State Government the Secretary to that Government or the Collector of the district or in the case of a suit against the Government in respect of the administration of a cantonment Board or Port Trust the officer in charge of such Board or Trust.",Limitation,Government Suits
Section 96,Code of Civil Procedure (CPC),Appeals from Original Decrees,"Save where otherwise expressly provided in the body of this Code or by any other law for the time being in force an appeal shall lie from every decree passed by any Court exercising original jurisdiction to the Court authorized to hear appeals from the decisions of such Court. No appeal shall lie from a decree passed by the Court with the consent of parties. No appeal shall lie except on the ground mentioned in section 104 from any order made by a Court in the exercise of its original or appellate jurisdiction; but where a decree is appealed from any error defect or irregularity in any order affecting the decision of the case may be set forth as a ground of objection in the memorandum of appeal.",Appeals,Original Decree
Section 100,Code of Civil Procedure (CPC),Second Appeal,"(1) Save as otherwise expressly provided in the body of this Code or by any other law for the time being in force an appeal shall lie to the High Court from every decree passed in appeal by any Court subordinate to the High Court if the High Court is satisfied that the case involves a substantial question of law. (2) An appeal may lie under this section from an appellate decree passed ex parte. (3) In an appeal under this section the memorandum of appeal shall precisely state the substantial question of law involved in the appeal. (4) Where the High Court is satisfied that a substantial question of law is involved in any case it shall formulate that question. (5) The appeal shall be heard on the question so formulated and the respondent shall at the hearing of the appeal be allowed to argue that the case does not involve such question. Provided that nothing in this sub-section shall be deemed to take away or abridge the power of the Court to hear for reasons to be recorded an appeal on any other substantial question of law not formulated by it if it is satisfied that the case involves such question.",Appeals,Second Appeal to High Court
Section 107,Code of Civil Procedure (CPC),Powers of Appellate Court,"(1) Subject to such conditions and limitations as may be prescribed the Appellate Court shall have power (a) to determine a case finally; (b) to remand a case; (c) to frame issues and refer them for trial; (d) to take additional evidence or to require such evidence to be taken. (2) The Appellate Court shall have the same powers and shall perform as nearly as may be the same duties as are conferred and imposed by this Code on Courts of original jurisdiction in respect of suits instituted before them.",Appeals,Appellate Powers
Section 151,Code of Civil Procedure (CPC),Saving of Inherent Powers of Court,Nothing in this Code shall be deemed to limit or otherwise affect the inherent power of the Court to make such orders as may be necessary for the ends of justice or to prevent abuse of the process of the Court.,General,Inherent Powers
Order 5,Code of Civil Procedure (CPC),Issue and Service of Summons,This order deals with the issue and service of summons to defendants. Summons shall be accompanied by a copy of the plaint and shall require the defendant to appear and answer the claim within 30 days from the date of service.,Procedure,Service of Process
Order 6,Code of Civil Procedure (CPC),Pleadings Generally,This order deals with pleadings. Every pleading shall contain and contain only a statement in a concise form of the material facts on which the party pleading relies for his claim or defence as the case may be but not the evidence by which they are to be proved.,Procedure,Pleadings
Order 7,Code of Civil Procedure (CPC),Plaint,This order specifies what a plaint should contain including: (a) name of the Court; (b) name description and place of residence of plaintiff; (c) name description and place of residence of defendant; (d) facts constituting cause of action and when it arose; (e) relief claimed.,Procedure,Plaint Requirements
Order 8,Code of Civil Procedure (CPC),Written Statement Defence Set-Off,The defendant shall within thirty days from the date of service of summons on him present a written statement of his defence. Pleas shall be specific and where the defendant denies the plaintiff's case it shall not be sufficient to deny it merely by implication but the same shall be dealt with specifically.,Procedure,Defence
Order 21,Code of Civil Procedure (CPC),Execution of Decrees and Orders,This order deals with execution of decrees and orders. A decree may be executed either by the Court which passed it or by the Court to which it is sent for execution. The property of any judgment debtor can be attached and sold for satisfying the decree.,Execution,Decree Execution
Order 39,Code of Civil Procedure (CPC),Temporary Injunctions and Interlocutory Orders,Where in any suit it is proved by affidavit or otherwise that any property in dispute in a suit is in danger of being wasted damaged or alienated by any party to the suit or wrongfully sold in execution of a decree or that the defendant threatens or intends to remove or dispose of his property with a view to defrauding his creditors the Court may grant a temporary injunction to restrain such act or make such other order for the purpose of staying and preventing the wasting damaging alienation sale removal or disposition of the property or dispossession of the plaintiff or otherwise causing injury to the plaintiff in relation to any property in dispute in the suit as the Court thinks fit until the disposal of the suit or until further orders.,Procedure,Temporary Injunctions
Section 26,Code of Civil Procedure (CPC),Institution of Suits,"Every suit shall be instituted by the presentation of a plaint or in such other manner as may be prescribed. In every plaint facts shall be proved by affidavit. Where the suit is for recovery of money the plaint shall state as nearly as possible the precise amount claimed but where the suit is for mesne profits or for an amount which will be found due to the plaintiff on taking unsettled accounts between him and the defendant it shall be sufficient for the plaintiff to state approximately the amount sued for. Where the subject matter of the suit is immovable property the plaint shall contain a description of the property sufficient to identify it. Where the plaintiff has allowed a set-off or relinquished a portion of his claim the plaint shall state that fact and the amount so allowed or relinquished. Every plaint shall be signed and verified by the plaintiff or by one of the plaintiffs or by some other person proved to the satisfaction of the Court to be acquainted with the facts of the case.",Procedure,Institution of Suit
Section 34,Code of Civil Procedure (CPC),Summoning and Attendance of Witnesses,The Court may of its own motion and shall on the application of any party to a suit summon and compel the attendance of any person for the purpose of giving evidence or producing any document or other thing.,Procedure,Witness Summons